{"data": [{"file": "redBall`c-redmen,tag1,m-png`Image for testing.png", "name": "redBall", "tags": ["c-redmen", "tag1", "m-png"], "desc": "Image for testing.png"}, {"file": "testimg12`tag2,tag1,m-tall`Image for testing - Copy.png", "name": "testimg12", "tags": ["tag2", "tag1", "m-tall"], "desc": "Image for testing - Copy.png"}, {"file": "testimg12`tag2,tag1,tag1,m-wide`Image for testing.png", "name": "testimg12", "tags": ["tag2", "tag1", "tag1", "m-wide"], "desc": "Image for testing.png"}, {"file": "testimg2`c-redmen,c-blumen,m-png`Image for testing.png", "name": "testimg2", "tags": ["c-redmen", "c-blumen", "m-png"], "desc": "Image for testing.png"}, {"file": "testimg3`c-green_men,m-jpg,tag3`Image for testing.jpg", "name": "testimg3", "tags": ["c-green_men", "m-jpg", "tag3"], "desc": "Image for testing.jpg"}], "tagGroups": {"c": "Character", "m": "Meta"}}